comuna,Poblacion 2025,nombre_comuna,sum,presupuesto_persona
1101,233228,Iquique,23341393851.0,100080.0
1107,146337,Alto Hospicio,10045767725.0,68648.0
1401,18962,Pozo Almonte,4406860312.0,232405.0
1402,1371,Camiña,1566682819.0,1142730.0
1403,1546,Colchane,1032010838.0,667536.0
1404,3111,Huara,3286236000.0,1056328.0
1405,6348,Pica,2307904919.0,363564.0
2101,447224,Antofagasta,36548987603.0,81724.0
2102,16087,Mejillones,6144460472.0,381952.0
2103,1806,Sierra Gorda,3097468807.0,1715099.0
2104,13999,Taltal,3466747207.0,247642.0
2201,196820,Calama,18237935863.0,92663.0
2202,265,Ollagüe,2401095644.0,9060738.0
2203,11121,San Pedro de Atacama,5568122780.0,500685.0
2301,28369,Tocopilla,4344999749.0,153160.0
2302,6429,María Elena,586737168.0,91264.0
3101,176921,Copiapó,28693567425.0,162183.0
3102,20057,Caldera,4888249606.0,243718.0
3103,14441,Tierra Amarilla,2752049843.0,190572.0
3201,12971,Chañaral,2512878651.0,193731.0
3202,13806,Diego de Almagro,3091743173.0,223942.0
3301,57368,Vallenar,6281290183.0,109491.0
3302,5785,Alto del Carmen,2058758285.0,355879.0
3303,7865,Freirina,3059113546.0,388953.0
3304,11650,Huasco,3959479078.0,339869.0
4101,271608,La Serena,19428825620.0,71533.0
4102,280153,Coquimbo,30883198554.0,110237.0
4103,11838,Andacollo,1955762863.0,165211.0
4104,4548,La Higuera,2960377966.0,650919.0
4105,4713,Paiguano,2433418937.0,516321.0
4106,30703,Vicuña,5901321362.0,192207.0
4201,33051,Illapel,6164025531.0,186500.0
4202,9494,Canela,3266896117.0,344101.0
4203,24641,Los Vilos,9480031656.0,384726.0
4204,30081,Salamanca,3462552495.0,115108.0
4301,125046,Ovalle,25751578341.0,205937.0
4302,13839,Combarbalá,3198444866.0,231118.0
4303,32682,Monte Patria,5459020362.0,167034.0
4304,12585,Punitaqui,2964760825.0,235579.0
4305,4291,Río Hurtado,2140252576.0,498777.0
5101,321852,Valparaíso,24684693908.0,76696.0
5102,30861,Casablanca,4846373367.0,157039.0
5103,48704,Concón,4349084407.0,89296.0
5104,1121,Juan Fernández,1305621126.0,1164693.0
5105,21490,Puchuncaví,7128235622.0,331700.0
5107,39170,Quintero,11972947734.0,305666.0
5109,373551,Viña del Mar,46522004912.0,124540.0
5201,8997,Isla de Pascua,5024026589.0,558411.0
5301,69094,Los Andes,2599927605.0,37629.0
5302,17946,Calle Larga,3782454389.0,210769.0
5303,12204,Rinconada,2487551293.0,203831.0
5304,22010,San Esteban,4237558981.0,192529.0
5401,38511,La Ligua,6885389224.0,178790.0
5402,20764,Cabildo,3318389236.0,159815.0
5403,6492,Papudo,2393044626.0,368614.0
5404,10636,Petorca,2356793847.0,221586.0
5405,8454,Zapallar,8882822269.0,1050724.0
5501,101729,Quillota,8831411471.0,86813.0
5502,53945,Calera,11219505120.0,207980.0
5503,19537,Hijuelas,3405160731.0,174293.0
5504,28505,La Cruz,3243486067.0,113787.0
5506,23665,Nogales,3855890277.0,162936.0
5601,98992,San Antonio,15234165068.0,153893.0
5602,16296,Algarrobo,6375576365.0,391236.0
5603,27476,Cartagena,6955968397.0,253165.0
5604,19073,El Quisco,10013546638.0,525012.0
5605,15375,El Tabo,8480492227.0,551577.0
5606,12758,Santo Domingo,10213839080.0,800583.0
5701,87601,San Felipe,12489241777.0,142570.0
5702,15824,Catemu,3780021893.0,238879.0
5703,27449,Llay Llay,1293356390.0,47119.0
5704,7889,Panquehue,2161008740.0,273927.0
5705,18097,Putaendo,3396375492.0,187676.0
5706,17097,Santa María,2807081733.0,164186.0
5801,175095,Quilpué,17543571727.0,100195.0
5802,52099,Limache,7700142356.0,147798.0
5803,20480,Olmué,1670979385.0,81591.0
5804,149327,Villa Alemana,13884149952.0,92978.0
6101,276470,Rancagua,29620502589.0,107138.0
6102,14745,Codegua,2606825651.0,176794.0
6103,8062,Coinco,1379431916.0,171103.0
6104,22347,Coltauco,4763089657.0,213142.0
6105,23866,Doñihue,3019313115.0,126511.0
6106,38569,Graneros,2349027438.0,60905.0
6107,27972,Las Cabras,4344199890.0,155305.0
6108,65812,Machalí,9099967965.0,138272.0
6109,14325,Malloa,3569499060.0,249180.0
6110,28806,Mostazal,6732921803.0,233733.0
6111,15092,Olivar,3344337317.0,221597.0
6112,15038,Peumo,1965071362.0,130674.0
6113,21133,Pichidegua,3245765345.0,153588.0
6114,14379,Quinta de Tilcoco,2659820479.0,184980.0
6115,66235,Rengo,11500399964.0,173630.0
6116,32030,Requínoa,4753720106.0,148415.0
6117,52653,San Vicente,8684324394.0,164935.0
6201,19016,Pichilemu,6361793108.0,334549.0
6202,3092,La Estrella,2162797171.0,699482.0
6203,6989,Litueche,2831303434.0,405109.0
6204,7730,Marchigüe,2427267251.0,314006.0
6205,7188,Navidad,2683198717.0,373289.0
6206,6235,Paredones,2715845954.0,435581.0
6301,81677,San Fernando,7973257333.0,97619.0
6302,16189,Chépica,3601589332.0,222471.0
6303,38602,Chimbarongo,2106336780.0,54565.0
6304,7489,Lolol,1694519436.0,226268.0
6305,19855,Nancagua,2662316152.0,134088.0
6306,13666,Palmilla,4913922796.0,359573.0
6307,12249,Peralillo,3405566421.0,278028.0
6308,9303,Placilla,1709749078.0,183785.0
6309,3510,Pumanque,1495575032.0,426090.0
6310,42914,Santa Cruz,9062959640.0,211189.0
7101,243586,Talca,27135610474.0,111401.0
7102,50677,Constitución,7812720690.0,154167.0
7103,9062,Curepto,1934090538.0,213429.0
7104,4165,Empedrado,1884338514.0,452422.0
7105,70997,Maule,7566808455.0,106579.0
7106,9482,Pelarco,429545278.0,45301.0
7107,8626,Pencahue,2536707868.0,294077.0
7108,15215,Río Claro,3757471915.0,246958.0
7109,48406,San Clemente,11084457769.0,228989.0
7110,10502,San Rafael,3182331344.0,303021.0
7201,44498,Cauquenes,8020950477.0,180254.0
7202,9233,Chanco,2282611049.0,247223.0
7203,8526,Pelluhue,3823174362.0,448414.0
7301,173473,Curicó,20853561657.0,120212.0
7302,10219,Hualañé,3165144811.0,309731.0
7303,6980,Licantén,2928501800.0,419556.0
7304,52631,Molina,11179098793.0,212405.0
7305,11871,Rauco,2780923837.0,234262.0
7306,17109,Romeral,2333330479.0,136380.0
7307,19813,Sagrada Familia,4155070229.0,209714.0
7308,32128,Teno,7022226747.0,218570.0
7309,4294,Vichuquén,2934721684.0,683447.0
7401,104584,Linares,9415868730.0,90032.0
7402,23693,Colbún,6206667505.0,261962.0
7403,33862,Longaví,7035143954.0,207759.0
7404,45810,Parral,9180569268.0,200405.0
7405,21584,Retiro,5076448330.0,235195.0
7406,51949,San Javier,10025437392.0,192986.0
7407,18159,Villa Alegre,2994847025.0,164924.0
7408,19940,Yerbas Buenas,3849628090.0,193061.0
8101,240075,Concepción,26375069027.0,109862.0
8102,129584,Coronel,17262649594.0,133216.0
8103,92106,Chiguayante,11603011173.0,125975.0
8104,11876,Florida,2773964026.0,233577.0
8105,26850,Hualqui,3693632540.0,137565.0
8106,45329,Lota,6490954342.0,143197.0
8107,50248,Penco,5920388859.0,117823.0
8108,155071,San Pedro de la Paz,12738962858.0,82149.0
8109,14907,Santa Juana,2322089865.0,155772.0
8110,158114,Talcahuano,19330655842.0,122258.0
8111,59222,Tomé,9603580812.0,162162.0
8112,98189,Hualpén,16813346509.0,171235.0
8201,27153,Lebu,5985192544.0,220425.0
8202,38986,Arauco,9154545954.0,234816.0
8203,37530,Cañete,8390459327.0,223567.0
8204,6359,Contulmo,635783823.0,99982.0
8205,33942,Curanilahue,4971017295.0,146456.0
8206,23046,Los Alamos,3765786136.0,163403.0
8207,11120,Tirúa,4608438296.0,414428.0
8301,224828,Los Angeles,25227556538.0,112208.0
8302,4328,Antuco,1151280017.0,266007.0
8303,31172,Cabrero,5758998543.0,184749.0
8304,23924,Laja,8636549375.0,360999.0
8305,31130,Mulchén,4918989796.0,158014.0
8306,28040,Nacimiento,4887007250.0,174287.0
8307,10599,Negrete,2328437389.0,219685.0
8308,4178,Quilaco,2358620889.0,564533.0
8309,9973,Quilleco,3475395826.0,348480.0
8310,3539,San Rosendo,2093562602.0,591569.0
8311,14687,Santa Bárbara,3086050511.0,210121.0
8312,15477,Tucapel,2790745739.0,180316.0
8313,22216,Yumbel,3944722730.0,177562.0
8314,6818,Alto Biobío,1521328717.0,223134.0
9101,311135,Temuco,47730462152.0,153408.0
9102,25516,Carahue,4630327361.0,181468.0
9103,18068,Cunco,2886929201.0,159781.0
9104,7885,Curarrehue,1908582440.0,242052.0
9105,25485,Freire,4693871502.0,184182.0
9106,12548,Galvarino,3358014648.0,267614.0
9107,15054,Gorbea,3244804920.0,215544.0
9108,42133,Lautaro,10128796623.0,240401.0
9109,24783,Loncoche,6666957595.0,269013.0
9110,6328,Melipeuco,2253933930.0,356184.0
9111,34218,Nueva Imperial,5663823157.0,165522.0
9112,86093,Padre Las Casas,11600934508.0,134749.0
9113,7276,Perquenco,3125419576.0,429552.0
9114,26730,Pitrufquén,5532072134.0,206961.0
9115,30901,Pucón,11987718801.0,387940.0
9116,12630,Saavedra,3040880655.0,240766.0
9117,15728,Teodoro Schmidt,3395626620.0,215897.0
9118,9909,Toltén,3254903422.0,328480.0
9119,33260,Vilcún,6093169710.0,183198.0
9120,61009,Villarrica,11351693007.0,186066.0
9121,12707,Cholchol,2024733111.0,159340.0
9201,56934,Angol,11552687558.0,202914.0
9202,26638,Collipulli,785775956.0,29498.0
9203,18209,Curacautín,4365075040.0,239721.0
9204,8366,Ercilla,2075329220.0,248067.0
9205,11119,Lonquimay,3176951450.0,285723.0
9206,7459,Los Sauces,3055900810.0,409693.0
9207,9887,Lumaco,3393230732.0,343201.0
9208,12069,Purén,2607341355.0,216036.0
9209,11036,Renaico,3145430190.0,285015.0
9210,19249,Traiguén,5109399847.0,265437.0
9211,35556,Victoria,9349620298.0,262955.0
10101,283552,Puerto Montt,31277479085.0,110306.0
10102,37813,Calbuco,4656249278.0,123139.0
10103,3932,Cochamó,1422729747.0,361834.0
10104,12551,Fresia,1798599558.0,143303.0
10105,20951,Frutillar,2687240237.0,128263.0
10106,17832,Los Muermos,4228581843.0,237134.0
10107,18912,Llanquihue,1615177140.0,85405.0
10108,14697,Maullín,4143115836.0,281902.0
10109,51951,Puerto Varas,10386045107.0,199920.0
10201,48955,Castro,8012970760.0,163680.0
10202,42531,Ancud,6227256146.0,146417.0
10203,16324,Chonchi,3094476571.0,189566.0
10204,4151,Curaco de Vélez,2344526540.0,564810.0
10205,15546,Dalcahue,3117661575.0,200544.0
10206,4184,Puqueldón,1676401453.0,400670.0
10207,5539,Queilén,1513208270.0,273192.0
10208,30320,Quellón,2641414898.0,87118.0
10209,8741,Quemchi,2743215205.0,313833.0
10210,8159,Quinchao,2784819884.0,341319.0
10301,176896,Osorno,31387005634.0,177432.0
10302,9025,Puerto Octay,2510045600.0,278121.0
10303,20937,Purranque,5619756203.0,268413.0
10304,11823,Puyehue,3182217726.0,269155.0
10305,14037,Río Negro,2482352725.0,176844.0
10306,7379,San Juan de la Costa,2440855253.0,330784.0
10307,10522,San Pablo,1927685196.0,183205.0
10401,5094,Chaitén,2603060781.0,511005.0
10402,2938,Futaleufú,531850711.0,181025.0
10403,9605,Hualaihué,2075621756.0,216098.0
10404,1824,Palena,1755320710.0,962347.0
11101,62193,Coihaique,12270870993.0,197303.0
11102,912,Lago Verde,633673237.0,694817.0
11201,25250,Aisén,5642981059.0,223484.0
11202,5878,Cisnes,2221395657.0,377917.0
11203,1612,Guaitecas,445569161.0,276408.0
11301,3751,Cochrane,1913642805.0,510169.0
11302,679,O'Higgins,2618798228.0,3856846.0
11303,586,Tortel,1356875505.0,2315487.0
11401,5169,Chile Chico,1591730348.0,307938.0
11402,2714,Río Ibáñez,1874798586.0,690788.0
12101,146465,Punta Arenas,11131665217.0,76002.0
12102,246,Laguna Blanca,704939442.0,2865607.0
12103,202,Río Verde,1674184518.0,8288042.0
12104,644,San Gregorio,1327307214.0,2061036.0
12201,1963,Cabo de Hornos,1588994614.0,809473.0
12301,7697,Porvenir,184433351.0,23962.0
12302,669,Primavera,638105087.0,953819.0
12303,274,Timaukel,1454829645.0,5309597.0
12401,24809,Natales,2114283682.0,85222.0
12402,1093,Torres del Paine,1237130653.0,1131867.0
13101,552151,Santiago,49086407766.0,88900.0
13102,90268,Cerrillos,9101066026.0,100823.0
13103,138677,Cerro Navia,15761163209.0,113654.0
13104,135654,Conchalí,11483288039.0,84651.0
13105,169168,El Bosque,23537023086.0,139134.0
13106,223849,Estación Central,14128481084.0,63116.0
13107,119487,Huechuraba,22386839250.0,187358.0
13108,155387,Independencia,12908024281.0,83070.0
13109,101398,La Cisterna,5740327053.0,56612.0
13110,407764,La Florida,36485463100.0,89477.0
13111,118394,La Granja,15725508532.0,132824.0
13112,188806,La Pintana,19003874814.0,100653.0
13113,98722,La Reina,9971660435.0,101007.0
13114,345985,Las Condes,52225580926.0,150948.0
13115,132248,Lo Barnechea,46356365497.0,350526.0
13116,99774,Lo Espejo,11894585117.0,119215.0
13117,101223,Lo Prado,9592567070.0,94767.0
13118,138951,Macul,11881452372.0,85508.0
13119,587189,Maipú,86131540905.0,146685.0
13120,270521,Ñuñoa,20601085063.0,76153.0
13121,103434,Pedro Aguirre Cerda,13131147433.0,126952.0
13122,273909,Peñalolén,27359073532.0,99884.0
13123,165134,Providencia,33046304360.0,200118.0
13124,262943,Pudahuel,36251886702.0,137870.0
13125,279737,Quilicura,28852585703.0,103142.0
13126,142670,Quinta Normal,13423222814.0,94086.0
13127,197824,Recoleta,20860489287.0,105450.0
13128,163267,Renca,15705493387.0,96195.0
13129,102811,San Joaquín,10662241238.0,103707.0
13130,148387,San Miguel,6671352628.0,44959.0
13131,82919,San Ramón,8019313106.0,96713.0
13132,96671,Vitacura,41950614519.0,433952.0
13201,671142,Puente Alto,45868606401.0,68344.0
13202,33617,Pirque,3121943016.0,92868.0
13203,19700,San José de Maipo,1914780312.0,97197.0
13301,201012,Colina,23135398416.0,115095.0
13302,146646,Lampa,10927956682.0,74519.0
13303,22695,Tiltil,1213669685.0,53477.0
13401,351625,San Bernardo,30440148261.0,86570.0
13402,119885,Buin,7011237754.0,58483.0
13403,30678,Calera de Tango,3762638101.0,122649.0
13404,89543,Paine,19036141701.0,212592.0
13501,150466,Melipilla,10498117774.0,69771.0
13502,7954,Alhué,5324959875.0,669469.0
13503,38803,Curacaví,4301896008.0,110865.0
13504,15838,María Pinto,1539774090.0,97220.0
13505,12669,San Pedro,3207074965.0,253143.0
13601,86348,Talagante,5379905870.0,62305.0
13602,42723,El Monte,2873132678.0,67250.0
13603,42887,Isla de Maipo,2530144134.0,58996.0
13604,83549,Padre Hurtado,10742794099.0,128581.0
13605,108142,Peñaflor,10685399614.0,98809.0
14101,183287,Valdivia,20581223424.0,112290.0
14102,5416,Corral,1554231799.0,286970.0
14103,18140,Lanco,3140467548.0,173124.0
14104,20513,Los Lagos,3913894479.0,190801.0
14105,7366,Máfil,2340644480.0,317763.0
14106,24175,Mariquina,5196280364.0,214944.0
14107,20965,Paillaco,4015265320.0,191522.0
14108,36254,Panguipulli,5545098949.0,152951.0
14201,39740,La Unión,9099462849.0,228975.0
14202,15162,Futrono,5153050203.0,339866.0
14203,10262,Lago Ranco,5418979293.0,528063.0
14204,33013,Río Bueno,7236601441.0,219205.0
15101,259064,Arica,25220633643.0,97353.0
15102,1248,Camarones,1641370856.0,1315201.0
15201,2578,Putre,1442522721.0,559551.0
15202,797,General Lagos,966472817.0,1212638.0
16101,205318,Chillán,16989967335.0,82750.0
16102,22770,Bulnes,5156942352.0,226480.0
16103,35965,Chillán Viejo,6372435054.0,177184.0
16104,12158,El Carmen,3223668121.0,265148.0
16105,8566,Pemuco,1684798872.0,196684.0
16106,12247,Pinto,1889464174.0,154280.0
16107,19421,Quillón,3800101329.0,195670.0
16108,16584,San Ignacio,2793938709.0,168472.0
16109,18882,Yungay,4785843714.0,253461.0
16201,12244,Quirihue,1042426381.0,85138.0
16202,5211,Cobquecura,1963189263.0,376739.0
16203,16906,Coelemu,4485313848.0,265309.0
16204,5337,Ninhue,2622503596.0,491382.0
16205,4859,Portezuelo,1017131986.0,209329.0
16206,6294,Ranquil,2856122259.0,453785.0
16207,5779,Trehuaco,892047710.0,154360.0
16301,57222,San Carlos,6907989671.0,120723.0
16302,29222,Coihueco,5955724522.0,203810.0
16303,11512,Ñiquén,3651040078.0,317151.0
16304,4823,San Fabián,1017689669.0,211008.0
16305,12556,San Nicolás,2564032959.0,204208.0
